P2000 | Scorpion (Factory New)
P2000 | Scorpion (Factory New)
Glock-18 | Sand Dune (Factory New)
P250 | Facets (Factory New)
Desert Eagle | Blaze (Factory New)
Desert Eagle | Blaze (Minimal Wear)
MAG-7 | Hazard (Factory New)
Sawed-Off | Mosaico (Factory New)
Negev | Palm (Factory New)
PP-Bizon | Rust Coat (Factory New)
P90 | Fallout Warning (Factory New)
FAMAS | Spitfire (Factory New)
FAMAS | Spitfire (Minimal Wear)
Galil AR | Winter Forest (Factory New)
AK-47 | Jungle Spray (Factory New)
SSG 08 | Mayan Dreams (Factory New)
AUG | Anodized Navy (Minimal Wear)
AWP | Snake Camo (Factory New)
G3SG1 | Arctic Camo (Factory New)
P2000 | Grassland Leaves (Factory New)
Glock-18 | Fade (Factory New)
Glock-18 | Fade (Minimal Wear)
Five-SeveN | Candy Apple (Field-Tested)
XM1014 | Grassland (Field-Tested)
M249 | Blizzard Marbleized (Factory New)
Negev | Anodized Navy (Factory New)
Negev | Anodized Navy (Minimal Wear)
MP9 | Bulldozer (Minimal Wear)
MP7 | Whiteout (Factory New)
MP7 | Whiteout (Minimal Wear)
UMP-45 | Fallout Warning (Factory New)
P90 | Glacier Mesh (Factory New)
AUG | Hot Rod (Factory New)
Glock-18 | Brass (Factory New)
P250 | Modern Hunter (Factory New)
P250 | Modern Hunter (Battle-Scarred)
Tec-9 | Brass (Factory New)
Nova | Modern Hunter (Factory New)
XM1014 | Blaze Orange (Factory New)
M249 | Gator Mesh (Battle-Scarred)
UMP-45 | Gunsmoke (Battle-Scarred)
PP-Bizon | Modern Hunter (Factory New)
M4A1-S | Nitro (Factory New)
AK-47 | Black Laminate (Factory New)
SG 553 | Waves Perforated (Field-Tested)
AWP | Safari Mesh (Field-Tested)
USP-S | Overgrowth (Factory New)
Desert Eagle | Hypnotic (Minimal Wear)
CZ75-Auto | Victoria (Factory New)
Nova | Blaze Orange (Factory New)
XM1014 | Fallout Warning (Factory New)
MAG-7 | Bulldozer (Factory New)
UMP-45 | Blaze (Minimal Wear)
M4A4 | Modern Hunter (Factory New)
M4A4 | Modern Hunter (Minimal Wear)
AWP | Lightning Strike (Factory New)
AWP | Lightning Strike (Minimal Wear)
G3SG1 | Safari Mesh (Factory New)
Desert Eagle | Golden Koi (Factory New)
Desert Eagle | Golden Koi (Minimal Wear)
Galil AR | Orange DDPAT (Factory New)
M4A4 | Radiation Hazard (Factory New)
AK-47 | Case Hardened (Factory New)
AK-47 | Case Hardened (Minimal Wear)
AK-47 | Case Hardened (Field-Tested)
AK-47 | Case Hardened (Well-Worn)
AK-47 | Case Hardened (Battle-Scarred)
AWP | BOOM (Factory New)
AWP | BOOM (Minimal Wear)
AWP | BOOM (Field-Tested)
P2000 | Ocean Foam (Factory New)
P2000 | Ocean Foam (Minimal Wear)
MAC-10 | Graven (Factory New)
Galil AR | Shattered (Battle-Scarred)
AK-47 | Red Laminate (Factory New)
AK-47 | Red Laminate (Minimal Wear)
SSG 08 | Blood in the Water (Factory New)
SSG 08 | Blood in the Water (Minimal Wear)
SSG 08 | Blood in the Water (Field-Tested)
SG 553 | Ultraviolet (Factory New)
AWP | Graphite (Factory New)
AWP | Graphite (Minimal Wear)
Nova | Candy Apple (Factory New)
Sawed-Off | Orange DDPAT (Factory New)
M4A1-S | Guardian (Factory New)
M4A1-S | Guardian (Minimal Wear)
M4A1-S | Guardian (Field-Tested)
M4A1-S | Guardian (Well-Worn)
M4A1-S | Guardian (Battle-Scarred)
AK-47 | Fire Serpent (Minimal Wear)
AK-47 | Fire Serpent (Field-Tested)
AK-47 | Fire Serpent (Well-Worn)
AK-47 | Fire Serpent (Battle-Scarred)
AWP | Electric Hive (Factory New)
AWP | Electric Hive (Minimal Wear)
AWP | Electric Hive (Field-Tested)
AWP | Electric Hive (Well-Worn)
USP-S | Orion (Factory New)
USP-S | Orion (Minimal Wear)
USP-S | Orion (Field-Tested)
USP-S | Orion (Well-Worn)
USP-S | Orion (Battle-Scarred)
Five-SeveN | Case Hardened (Factory New)
CZ75-Auto | Green Plaid (Field-Tested)
Negev | Nuclear Waste (Well-Worn)
PP-Bizon | Night Ops (Well-Worn)
P90 | Emerald Dragon (Factory New)
P90 | Emerald Dragon (Minimal Wear)
P90 | Emerald Dragon (Field-Tested)
P90 | Emerald Dragon (Well-Worn)
P90 | Emerald Dragon (Battle-Scarred)
M4A1-S | Atomic Alloy (Factory New)
M4A1-S | Atomic Alloy (Minimal Wear)
AWP | Redline (Minimal Wear)
AWP | Redline (Field-Tested)
AWP | Redline (Well-Worn)
Glock-18 | Night (Factory New)
P250 | Splash (Factory New)
Desert Eagle | Pilot (Factory New)
CZ75-Auto | Chalice (Factory New)
CZ75-Auto | Chalice (Minimal Wear)
M4A1-S | Knight (Factory New)
M4A1-S | Knight (Minimal Wear)
AK-47 | Redline (Minimal Wear)
AWP | Asiimov (Field-Tested)
AWP | Asiimov (Well-Worn)
AWP | Asiimov (Battle-Scarred)
USP-S | Business Class (Factory New)
Glock-18 | Water Elemental (Factory New)
Desert Eagle | Hand Cannon (Factory New)
Desert Eagle | Hand Cannon (Minimal Wear)
Desert Eagle | Hand Cannon (Field-Tested)
Desert Eagle | Hand Cannon (Well-Worn)
Desert Eagle | Hand Cannon (Battle-Scarred)
CZ75-Auto | Nitro (Factory New)
MP9 | Storm (Well-Worn)
UMP-45 | Scorched (Well-Worn)
M4A4 | Asiimov (Field-Tested)
M4A4 | Asiimov (Well-Worn)
M4A4 | Asiimov (Battle-Scarred)
M4A1-S | Master Piece (Factory New)
M4A1-S | Master Piece (Minimal Wear)
M4A1-S | Master Piece (Field-Tested)
M4A1-S | Master Piece (Well-Worn)
M4A1-S | Master Piece (Battle-Scarred)
AK-47 | Vulcan (Factory New)
AK-47 | Vulcan (Minimal Wear)
AK-47 | Vulcan (Field-Tested)
AK-47 | Vulcan (Well-Worn)
AK-47 | Vulcan (Battle-Scarred)
G3SG1 | Contractor (Field-Tested)
USP-S | Royal Blue (Factory New)
FAMAS | Styx (Factory New)
Galil AR | Cerberus (Factory New)
Galil AR | Cerberus (Minimal Wear)
M4A4 | Howl (Minimal Wear)
M4A4 | Howl (Field-Tested)
M4A4 | Howl (Well-Worn)
M4A1-S | Cyrex (Factory New)
M4A1-S | Cyrex (Minimal Wear)
M4A1-S | Cyrex (Field-Tested)
M4A1-S | Cyrex (Well-Worn)
M4A1-S | Cyrex (Battle-Scarred)
AUG | Bengal Tiger (Factory New)
AWP | Pink DDPAT (Factory New)
AWP | Pink DDPAT (Minimal Wear)
AWP | Pink DDPAT (Field-Tested)
AWP | Pink DDPAT (Well-Worn)
AWP | Pink DDPAT (Battle-Scarred)
USP-S | Road Rash (Factory New)
USP-S | Road Rash (Minimal Wear)
USP-S | Road Rash (Field-Tested)
USP-S | Road Rash (Well-Worn)
USP-S | Road Rash (Battle-Scarred)
Glock-18 | Reactor (Factory New)
P250 | Mehndi (Factory New)
Dual Berettas | Briar (Factory New)
Galil AR | Chatterbox (Field-Tested)
AK-47 | First Class (Factory New)
AWP | Corticera (Factory New)
Desert Eagle | Crimson Web (Factory New)
M4A4 | Bullet Rain (Factory New)
M4A4 | Bullet Rain (Battle-Scarred)
AK-47 | Jet Set (Factory New)
AK-47 | Jet Set (Minimal Wear)
AK-47 | Jet Set (Field-Tested)
AK-47 | Jet Set (Well-Worn)
AK-47 | Jet Set (Battle-Scarred)
AWP | Man-o%27-war (Minimal Wear)
AWP | Man-o%27-war (Field-Tested)
Tec-9 | Toxic (Factory New)
PP-Bizon | Blue Streak (Factory New)
AK-47 | Jaguar (Factory New)
AK-47 | Jaguar (Minimal Wear)
AK-47 | Jaguar (Field-Tested)
AK-47 | Jaguar (Well-Worn)
http://steamcommunity.com/market/pri
