AK-47 | Case Hardened (Factory New)
StatTrak%e2%84%a2 AK-47 | Case Hardened (Factory New)
AK-47 | Case Hardened (Minimal Wear)
StatTrak%e2%84%a2 AK-47 | Case Hardened (Minimal Wear)
AK-47 | Case Hardened (Field-Tested)
StatTrak%e2%84%a2 AK-47 | Case Hardened (Field-Tested)
AK-47 | Case Hardened (Well-Worn)
StatTrak%e2%84%a2 AK-47 | Case Hardened (Well-Worn)
AK-47 | Case Hardened (Battle-Scarred)
StatTrak%e2%84%a2 AK-47 | Case Hardened (Battle-Scarred)
AK-47 | Vulcan (Factory New)
StatTrak%e2%84%a2 AK-47 | Vulcan (Factory New)
AK-47 | Vulcan (Minimal Wear)
StatTrak%e2%84%a2 AK-47 | Vulcan (Minimal Wear)
AK-47 | Vulcan (Field-Tested)
StatTrak%e2%84%a2 AK-47 | Vulcan (Field-Tested)
AK-47 | Vulcan (Well-Worn)
StatTrak%e2%84%a2 AK-47 | Vulcan (Well-Worn)
AK-47 | Vulcan (Battle-Scarred)
StatTrak%e2%84%a2 AK-47 | Vulcan (Battle-Scarred)
AK-47 | Jaguar (Factory New)
StatTrak%e2%84%a2 AK-47 | Jaguar (Factory New)
AK-47 | Jaguar (Minimal Wear)
StatTrak%e2%84%a2 AK-47 | Jaguar (Minimal Wear)
AK-47 | Jaguar (Field-Tested)
StatTrak%e2%84%a2 AK-47 | Jaguar (Field-Tested)
AK-47 | Jaguar (Well-Worn)
StatTrak%e2%84%a2 AK-47 | Jaguar (Well-Worn)
AK-47 | Jaguar (Battle-Scarred)
StatTrak%e2%84%a2 AK-47 | Jaguar (Battle-Scarred)
AK-47 | Aquamarine Revenge (Factory New)
AK-47 | Aquamarine Revenge (Minimal Wear)
StatTrak%e2%84%a2 AK-47 | Aquamarine Revenge (Minimal Wear)
AK-47 | Aquamarine Revenge (Field-Tested)
StatTrak%e2%84%a2 AK-47 | Aquamarine Revenge (Field-Tested)
AK-47 | Aquamarine Revenge (Well-Worn)
StatTrak%e2%84%a2 AK-47 | Aquamarine Revenge (Well-Worn)
AK-47 | Aquamarine Revenge (Battle-Scarred)
StatTrak%e2%84%a2 AK-47 | Aquamarine Revenge (Battle-Scarred)
AK-47 | Redline (Minimal Wear)
StatTrak%e2%84%a2 AK-47 | Redline (Minimal Wear)
AK-47 | Redline (Field-Tested)
StatTrak%e2%84%a2 AK-47 | Redline (Field-Tested)
AK-47 | Redline (Well-Worn)
StatTrak%e2%84%a2 AK-47 | Redline (Well-Worn)
AK-47 | Redline (Battle-Scarred)
StatTrak%e2%84%a2 AK-47 | Redline (Battle-Scarred)
M4A1-S | Knight (Factory New)
M4A1-S | Knight (Minimal Wear)
M4A1-S | Master Piece (Factory New)
M4A1-S | Master Piece (Minimal Wear)
M4A1-S | Master Piece (Field-Tested)
M4A1-S | Master Piece (Well-Worn)
M4A1-S | Master Piece (Battle-Scarred)
M4A1-S | Hyper Beast (Factory New)
M4A1-S | Hyper Beast (Minimal Wear)
StatTrak%e2%84%a2 M4A1-S | Hyper Beast (Minimal Wear)
M4A1-S | Hyper Beast (Field-Tested)
StatTrak%e2%84%a2 M4A1-S | Hyper Beast (Field-Tested)
M4A1-S | Hyper Beast (Well-Worn)
StatTrak%e2%84%a2 M4A1-S | Hyper Beast (Well-Worn)
M4A1-S | Hyper Beast (Battle-Scarred)
StatTrak%e2%84%a2 M4A1-S | Hyper Beast (Battle-Scarred)
M4A1-S | Nitro (Factory New)
M4A1-S | Nitro (Minimal Wear)
M4A1-S | Nitro (Field-Tested)
M4A1-S | Nitro (Well-Worn)
M4A1-S | Nitro (Battle-Scarred)
M4A1-S | Cyrex (Factory New)
StatTrak%e2%84%a2 M4A1-S | Cyrex (Factory New)
M4A1-S | Cyrex (Minimal Wear)
StatTrak%e2%84%a2 M4A1-S | Cyrex (Minimal Wear)
M4A1-S | Cyrex (Field-Tested)
StatTrak%e2%84%a2 M4A1-S | Cyrex (Field-Tested)
M4A1-S | Cyrex (Well-Worn)
StatTrak%e2%84%a2 M4A1-S | Cyrex (Well-Worn)
M4A1-S | Cyrex (Battle-Scarred)
StatTrak%e2%84%a2 M4A1-S | Cyrex (Battle-Scarred)
AWP | Hyper Beast (Factory New)
AWP | Hyper Beast (Minimal Wear)
StatTrak%e2%84%a2 AWP | Hyper Beast (Minimal Wear)
AWP | Hyper Beast (Field-Tested)
StatTrak%e2%84%a2 AWP | Hyper Beast (Field-Tested)
AWP | Hyper Beast (Well-Worn)
StatTrak%e2%84%a2 AWP | Hyper Beast (Well-Worn)
AWP | Hyper Beast (Battle-Scarred)
StatTrak%e2%84%a2 AWP | Hyper Beast (Battle-Scarred)
AWP | Lightning Strike (Factory New)
StatTrak%e2%84%a2 AWP | Lightning Strike (Factory New)
AWP | Lightning Strike (Minimal Wear)
StatTrak%e2%84%a2 AWP | Lightning Strike (Minimal Wear)
AWP | BOOM (Factory New)
AWP | BOOM (Minimal Wear)
StatTrak%e2%84%a2 AWP | BOOM (Minimal Wear)
AWP | BOOM (Field-Tested)
StatTrak%e2%84%a2 AWP | BOOM (Field-Tested)
AWP | Graphite (Factory New)
StatTrak%e2%84%a2 AWP | Graphite (Factory New)
AWP | Graphite (Minimal Wear)
StatTrak%e2%84%a2 AWP | Graphite (Minimal Wear)
AWP | Asiimov (Field-Tested)
StatTrak%e2%84%a2 AWP | Asiimov (Field-Tested)
AWP | Asiimov (Well-Worn)
StatTrak%e2%84%a2 AWP | Asiimov (Well-Worn)
AWP | Asiimov (Battle-Scarred)
StatTrak%e2%84%a2 AWP | Asiimov (Battle-Scarred)
